{"cameraMode":{"drawMode":0,"name":"Shaded","section":"Shading Mode"},"sceneLighting":true,"audioPlay":false,"sceneViewState":{"m_AlwaysRefresh":false,"showFog":true,"showSkybox":true,"showFlares":true,"showImageEffects":true,"showParticleSystems":true,"showVisualEffectGraphs":true,"m_FxEnabled":true},"in2DMode":false,"pivot":{"x":-0.8918695449829102,"y":-0.6154842376708984,"z":0.7605619430541992},"rotation":{"x":-0.11953725665807724,"y":0.8398737907409668,"z":-0.20580682158470155,"w":-0.4878177344799042},"size":13.389716148376465,"orthographic":false}